Workbook

Sheet 비교표
A1: 항공기 실시간 모니터링 솔루션 비교 (KCNAIR OCC 검토용)
A2: 작성일 2026-10-20 / 공식 가격 페이지 기준, USD, 세금 제외
A3: 환율 가정 (원/USD) | B3: 1400 | C3: ← 노란 셀(환율)만 수정하면 원화 환산이 갱신됩니다. 1,400원은 가정값이며 실제 환율이 아닙니다.
A5: 업체 | B5: 상품 | C5: 용도 | D5: 장점 | E5: 단점 | F5: 가격 표기(원문) | G5: 과금 단위 | H5: 단가 (USD) | I5: 연간 비용 (USD) | J5: 연간 비용 (만원) | K5: 가격 상태 | L5: 출처 URL | M5: 전 세계 커버리지 범위 | N5: 중국 커버리지 (요약)
A6: Flightradar24 | B6: Business (웹·앱 구독) | C6: 사람이 지도로 보는 모니터링 | D6: 상업적 사용 허용 플랜. 플릿 뷰, 북마크 60개, 3년 이력. 7일 무료 체험, 청구서 결제 가능. | E6: 계정 단위 이용이라 자사 시스템 연동 없음. 북마크 60개 한도. 운항통제 공식 도구 아님. | F6: $499.99/년 (월 결제 시 연 $599.88) | G6: 연 | H6: 499.99 | I6: =IF(H6="","견적 필요",IF(G6="월",H6*12,H6)) | J6: =IF(ISNUMBER(I6),ROUND(I6*$B$3/10000,0),"견적 필요") | K6: 공개 | L6: https://www.flightradar24.com/premium/ | M6: 지상 ADS-B 5만+ 수신기 + MLAT + 위성 ADS-B(Aireon, 2026.2 추가) + 북미·호주 레이더. 위성은 지상망 밖 지역 보완. | N6: 일부 (확인 불가)
A7: Flightradar24 | B7: API Essential | C7: 사내 시스템 연동 | D7: 월 666,000 크레딧(Explorer $9/월은 60,000), 이력 2년. 위치·이력 API. 2026.12.31까지 월 크레딧 2배 프로모션. | E7: 상업용은 Advanced 권장으로 안내. 크레딧 단가가 엔드포인트별로 다름. 개발 필요. | F7: $90/월 | G7: 월 | H7: 90 | I7: =IF(H7="","견적 필요",IF(G7="월",H7*12,H7)) | J7: =IF(ISNUMBER(I7),ROUND(I7*$B$3/10000,0),"견적 필요") | K7: 공개 | L7: https://fr24api.flightradar24.com/subscriptions-and-credits | M7: 지상 ADS-B 5만+ 수신기 + MLAT + 위성 ADS-B(Aireon, 2026.2 추가) + 북미·호주 레이더. 위성은 지상망 밖 지역 보완. | N7: 일부 (확인 불가)
A8: Flightradar24 | B8: API Advanced (상업용 권장) | C8: 사내 시스템 연동 | D8: 월 810만 크레딧, 응답 제한 없음, 요청률 200, 이력 전체. 상업용에 적합하다고 명시. | E8: 연 약 1,500만 원 수준. 개발 필요. | F8: $900/월 | G8: 월 | H8: 900 | I8: =IF(H8="","견적 필요",IF(G8="월",H8*12,H8)) | J8: =IF(ISNUMBER(I8),ROUND(I8*$B$3/10000,0),"견적 필요") | K8: 공개 | L8: https://fr24api.flightradar24.com/subscriptions-and-credits | M8: 지상 ADS-B 5만+ 수신기 + MLAT + 위성 ADS-B(Aireon, 2026.2 추가) + 북미·호주 레이더. 위성은 지상망 밖 지역 보완. | N8: 일부 (확인 불가)
A9: FlightAware | B9: 프리미엄 구독 Enterprise | C9: 사람이 보는 플릿 추적 | D9: 플릿 추적·경보, 테일번호 표시, 8개월 이력. | E9: 1명 사용자 기준. 소규모용 구독이며 공식 운항통제 도구 아님. | F9: $99.95/월 | G9: 월 | H9: 99.95 | I9: =IF(H9="","견적 필요",IF(G9="월",H9*12,H9)) | J9: =IF(ISNUMBER(I9),ROUND(I9*$B$3/10000,0),"견적 필요") | K9: 공개 | L9: https://www.flightaware.com/commercial/premium/ | M9: 지상 ADS-B 41,000+ 수신기 + 데이터링크·ACARS + 레이더. Aireon 위성은 AeroAPI Premium/Firehose에 포함(Standard 제외). | N9: 일부 — 자사 ADS-B 페이지에 '중국(베이징·상하이·항저우·홍콩 제외) 커버리지 부족' 기재. Premium/Firehose는 Aireon 위성으로 보완 가능
A10: FlightAware | B10: 프리미엄 구독 Enterprise WX | C10: 사람이 보는 플릿 추적 + 기상 | D10: Enterprise 기능 + 실시간 기상 데이터. | E10: 1명 사용자 기준. | F10: $149.95/월 | G10: 월 | H10: 149.95 | I10: =IF(H10="","견적 필요",IF(G10="월",H10*12,H10)) | J10: =IF(ISNUMBER(I10),ROUND(I10*$B$3/10000,0),"견적 필요") | K10: 공개 | L10: https://www.flightaware.com/commercial/premium/ | M10: 지상 ADS-B 41,000+ 수신기 + 데이터링크·ACARS + 레이더. Aireon 위성은 AeroAPI Premium/Firehose에 포함(Standard 제외). | N10: 일부 — 자사 ADS-B 페이지에 '중국(베이징·상하이·항저우·홍콩 제외) 커버리지 부족' 기재. Premium/Firehose는 Aireon 위성으로 보완 가능
A11: FlightAware | B11: AeroAPI Standard | C11: 사내 시스템 연동 | D11: 이력(2011~), 알림(출발·도착·결항·홀딩 감지), 이메일 지원. 사용량 과금. | E11: 월 최소 $100 + 쿼리 요금(최소금액 이상은 사용량에 따라 증가). B2B 상업용은 Premium 필요. | F11: 월 최소 $100 + 쿼리 요금 | G11: 월 | H11: 100 | I11: =IF(H11="","견적 필요",IF(G11="월",H11*12,H11)) | J11: =IF(ISNUMBER(I11),ROUND(I11*$B$3/10000,0),"견적 필요") | K11: 공개(최소금액만) | L11: https://www.flightaware.com/commercial/aeroapi/ | M11: 지상 ADS-B 41,000+ 수신기 + 데이터링크·ACARS + 레이더(Aireon 위성 제외). | N11: 일부 — 자사 ADS-B 페이지에 '중국(베이징·상하이·항저우·홍콩 제외) 커버리지 부족' 기재.
A12: FlightAware | B12: AeroAPI Premium | C12: 사내 시스템 연동 + 예측 | D12: Aireon 우주기반 ADS-B, Foresight 예측, 전화 지원. B2B 상업용 허용. | E12: 월 최소 $1,000 + 쿼리 요금. 일부 기능은 문의 후 활성화. | F12: 월 최소 $1,000 + 쿼리 요금 | G12: 월 | H12: 1000 | I12: =IF(H12="","견적 필요",IF(G12="월",H12*12,H12)) | J12: =IF(ISNUMBER(I12),ROUND(I12*$B$3/10000,0),"견적 필요") | K12: 공개(최소금액만) | L12: https://www.flightaware.com/commercial/aeroapi/ | M12: 지상 ADS-B 41,000+ 수신기 + 데이터링크·ACARS + 레이더. Aireon 위성은 AeroAPI Premium/Firehose에 포함(Standard 제외). | N12: 일부 — 자사 ADS-B 페이지에 '중국(베이징·상하이·항저우·홍콩 제외) 커버리지 부족' 기재. Premium/Firehose는 Aireon 위성으로 보완 가능
A13: FlightAware | B13: Firehose (+Foresight) | C13: 스트리밍 실시간 연동 | D13: 지상 ADS-B 41,000개+ Aireon 위성·ACARS·레이더 융합. ETA·택시아웃·활주로 예측. 무료 체험. | E13: 가격 비공개. 개발 인력 필요. | F13: 문의(Request pricing) | G13: - | I13: =IF(H13="","견적 필요",IF(G13="월",H13*12,H13)) | J13: =IF(ISNUMBER(I13),ROUND(I13*$B$3/10000,0),"견적 필요") | K13: 견적 필요 | L13: https://www.flightaware.com/commercial/firehose/ | M13: 지상 ADS-B 41,000+ 수신기 + 데이터링크·ACARS + 레이더. Aireon 위성은 AeroAPI Premium/Firehose에 포함(Standard 제외). | N13: 일부 — 자사 ADS-B 페이지에 '중국(베이징·상하이·항저우·홍콩 제외) 커버리지 부족' 기재. Premium/Firehose는 Aireon 위성으로 보완 가능
A14: AirNav Radar (구 RadarBox) | B14: Business (웹·앱 구독) | C14: 사람이 지도로 보는 모니터링 | D14: 연 $399.50로 전문가 팀용 플랜. 이력 365일, 재생 12개월, 항적 CSV/GeoJSON/KML 다운로드, 항공기 가동 통계. 7일 무료 체험. | E14: 상업적 사용 약관은 확인하지 못함. 계정 단위 이용. 월 결제 가격은 페이지에서 확인하지 못함. | F14: $399.50/년 (연 결제 16% 할인 표기) | G14: 연 | H14: 399.5 | I14: =IF(H14="","견적 필요",IF(G14="월",H14*12,H14)) | J14: =IF(ISNUMBER(I14),ROUND(I14*$B$3/10000,0),"견적 필요") | K14: 공개 | L14: https://www.airnavradar.com/subscribe | M14: 지상·위성 ADS-B, ADS-C, HFDL, FAA SWIM, EUROCONTROL, MLAT 등 다중 소스. 수신기 36,000+(앱스토어 표기). | N14: 대부분 커버 주장 — 2021년 자사 블로그: 중국 커버 90%+, 중국 내 수신 유닛 200+ (지상+위성). 독립 검증 없음, 최신 수치 미확인
A15: AirNav Radar (구 RadarBox) | B15: API Starter | C15: 사내 시스템 연동 | D15: 월 10,000 크레딧, 크레딧당 1.2센트. 14일 체험, 24시간 지원. | E15: 크레딧 소진 속도는 조회 유형에 따라 다름(미확인). | F15: $119.95/월 | G15: 월 | H15: 119.95 | I15: =IF(H15="","견적 필요",IF(G15="월",H15*12,H15)) | J15: =IF(ISNUMBER(I15),ROUND(I15*$B$3/10000,0),"견적 필요") | K15: 공개 | L15: https://www.airnavradar.com/api/pricing | M15: 지상·위성 ADS-B, ADS-C, HFDL, FAA SWIM, EUROCONTROL, MLAT 등 다중 소스. 수신기 36,000+(앱스토어 표기). | N15: 대부분 커버 주장 — 2021년 자사 블로그: 중국 커버 90%+, 중국 내 수신 유닛 200+ (지상+위성). 독립 검증 없음, 최신 수치 미확인
A16: AirNav Radar (구 RadarBox) | B16: API Developer | C16: 사내 시스템 연동 | D16: 월 50,000 크레딧, 크레딧당 1센트 미만. | E16: - | F16: $299.95/월 | G16: 월 | H16: 299.95 | I16: =IF(H16="","견적 필요",IF(G16="월",H16*12,H16)) | J16: =IF(ISNUMBER(I16),ROUND(I16*$B$3/10000,0),"견적 필요") | K16: 공개 | L16: https://www.airnavradar.com/api/pricing | M16: 지상·위성 ADS-B, ADS-C, HFDL, FAA SWIM, EUROCONTROL, MLAT 등 다중 소스. 수신기 36,000+(앱스토어 표기). | N16: 대부분 커버 주장 — 2021년 자사 블로그: 중국 커버 90%+, 중국 내 수신 유닛 200+ (지상+위성). 독립 검증 없음, 최신 수치 미확인
A17: AirNav Radar (구 RadarBox) | B17: API Enterprise | C17: 사내 시스템 연동 | D17: 월 250,000 크레딧, 크레딧당 0.5센트 미만, 온보딩 지원. 위성 ADS-B·ADS-C·HFDL 등 데이터 소스. 실시간은 TCP 소켓/Kafka로 전송. 최대 월 2천만 크레딧 맞춤 플랜. | E17: - | F17: $999.95/월 | G17: 월 | H17: 999.95 | I17: =IF(H17="","견적 필요",IF(G17="월",H17*12,H17)) | J17: =IF(ISNUMBER(I17),ROUND(I17*$B$3/10000,0),"견적 필요") | K17: 공개 | L17: https://www.airnavradar.com/api/pricing | M17: 지상·위성 ADS-B, ADS-C, HFDL, FAA SWIM, EUROCONTROL, MLAT 등 다중 소스. 수신기 36,000+(앱스토어 표기). | N17: 대부분 커버 주장 — 2021년 자사 블로그: 중국 커버 90%+, 중국 내 수신 유닛 200+ (지상+위성). 독립 검증 없음, 최신 수치 미확인
A18: ADS-B Exchange | B18: Enterprise Data | C18: 대규모 원시 데이터 스트림 | D18: 250ms 간격 실시간 위치. 항공화물·물류 활용 사례. | E18: 공개 가격 없음(데모 요청). 항공사 운영 도구가 아니라 데이터 제공 중심. | F18: 문의(Request a demo) | G18: - | I18: =IF(H18="","견적 필요",IF(G18="월",H18*12,H18)) | J18: =IF(ISNUMBER(I18),ROUND(I18*$B$3/10000,0),"견적 필요") | K18: 견적 필요 | L18: https://adsbexchange.com/data/ | M18: 커뮤니티 수신기 네트워크(필터링 없는 원본 ADS-B). 위성 소스 여부 미확인. | N18: 미확인 — 중국 내 수신기 분포·단속 영향 확인 필요
A19: Aireon | B19: Alert / Stream 등 | C19: 우주기반 ADS-B 위치 | D19: 위성 기반 대양·극지 커버리지. 항공사용 제품군 보유. | E19: 공개 가격 없음. 위치 데이터 중심이라 운항 상태는 별도. | F19: 문의 | G19: - | I19: =IF(H19="","견적 필요",IF(G19="월",H19*12,H19)) | J19: =IF(ISNUMBER(I19),ROUND(I19*$B$3/10000,0),"견적 필요") | K19: 견적 필요 | L19: https://www.aireon.com/aireon-alert/ | M19: 위성 기반 ADS-B 글로벌 감시(FlightAware 소개 문구: '100% 글로벌', 1분 간격 위치). ADS-B Out 장착기만 대상. | N19: 미확인 — 중국 공역 개별 제공 여부 공개 정보 없음
A20: Cirium | B20: Sky API / Sky Stream (Flight Status & Tracking) | C20: 상태·위치·알림 연동 | D20: 항공사·공항 고객 다수. 600개+ 라이브 소스, 일 2,500만 건+ 갱신, 10년+ 이력, 활주로·게이트 ETA 예측. REST API와 AMQP Stream. 평가 계정(체험) 제공. | E20: 가격 비공개. 커버리지가 '상용 여객편 95%+'로 표기되어 화물 전용기 커버리지는 별도 확인 필요. | F20: 문의(Contact us / Schedule a demo) | G20: - | I20: =IF(H20="","견적 필요",IF(G20="월",H20*12,H20)) | J20: =IF(ISNUMBER(I20),ROUND(I20*$B$3/10000,0),"견적 필요") | K20: 견적 필요 | L20: https://www.cirium.com/data/flight-tracking-status/ | M20: 600+ 라이브 소스, 위성 기반 항적 항목 포함. 지역별 세부 미공개. | N20: 미확인 — 지역별 커버리지는 영업 문의로 확인
A22: ※ 연간 비용: 월 과금은 단가×12, 연 과금은 그대로. AeroAPI는 '월 최소금액' 기준이며 실제 쿼리 사용량에 따라 더 높아질 수 있음.
A23: ※ 노란색 행은 가격 비공개로 견적이 필요한 항목. 단가 파란 글자는 공식 페이지에서 옮긴 입력값.
A24: ※ 이용약관(상업적 사용, 재판매, 최소 약정)은 대부분 읽지 않았음. 도입 전 약관 확인 필수.
A25: ※ 외부 ADS-B 기반 서비스는 참고용 위치 정보이며 항공법상 운항통제(비행감시)의 공식 수단이 아님. 자사 기체의 ACARS·데이터링크 및 운항통제 솔루션이 기본이고 이 서비스들은 보조 수단 (작성자 판단, 규정 조항 미확인).
A26: ※ 중국 커버리지: 업체 공식 자료와 보도 기반의 요약이며 실측이 아님. 업체 자료는 게시 시점이 오래된 것이 있음(근거는 '지역 커버리지' 시트). 도입 전 무료체험으로 실제 노선에서 직접 테스트할 것.
A27: ※ 출처: 각 업체 공식 사이트 (2026-10-20 접속), 환율 1,400원/USD는 가정값.

Sheet RadarBox·Cirium 추가조사
A1: RadarBox(AirNav Radar)·Cirium 추가 조사 결과
A3: 업체 | B3: 항목 | C3: 확인 내용 | D3: 확인 상태 | E3: 출처 URL
A4: AirNav Radar | B4: 사명·도메인 | C4: RadarBox는 airnavradar.com으로 이동. radarbox.com 요청은 airnavradar.com으로 리다이렉트됨. 이전에 시도한 commercial.radarbox.com은 연결 불가. | D4: 확인 | E4: https://www.airnavradar.com/
A5: AirNav Radar | B5: 웹 플랜 요금 | C5: Spotter $24.50/년, Pilot $79.50/년, Business $399.50/년 (연 결제, 16% 할인 표기). | D5: 확인 | E5: https://www.airnavradar.com/subscribe
A6: AirNav Radar | B6: Business 플랜 기능 | C6: 이력 365일, 재생 12개월, 광고 없음, 전체 지도 레이어·필터, 항공기 가동 통계, 항적 다운로드(CSV/GeoJSON/KML), 구름·강한 기상·바람·결빙 등 기상 레이어. | D6: 확인 | E6: https://www.airnavradar.com/subscribe
A7: AirNav Radar | B7: 무료 Business 플랜 | C7: ADS-B 데이터를 AirNav에 공급(feeder)하면 Business 계정으로 자동 업그레이드된다고 FAQ에 안내됨. | D7: 확인 | E7: https://www.airnavradar.com/subscribe
A8: AirNav Radar | B8: API 요금 (Credit-per-Result) | C8: Starter 10,000 크레딧 $119.95/월, Developer 50,000 크레딧 $299.95/월, Enterprise 250,000 크레딧 $999.95/월. 최대 월 2천만 크레딧 맞춤 플랜은 영업 문의. 전 플랜 14일 체험·24시간 지원. | D8: 확인 | E8: https://www.airnavradar.com/api/pricing
A9: AirNav Radar | B9: API 데이터·전송 방식 | C9: 지상·위성 ADS-B, FAA SWIM, EUROCONTROL, Oceanic, MLAT, 위성 ADS-C, HFDL, FLIFO 등. 70개+ 데이터 필드. 실시간은 TCP 소켓 또는 Kafka, 이력은 다운로드 링크. JSON/XML/CSV. | D9: 확인 | E9: https://www.airnavradar.com/api/services
A10: AirNav Radar | B10: 미확인 사항 | C10: 웹 Business 플랜의 상업적 이용 약관, 월 결제 가격, 'Professional Solutions'(airnavsystems.com)의 플릿 추적 제품 가격, 화물 전용기 커버리지. | D10: 미확인 | E10: https://www.airnavsystems.com/
A11: Cirium | B11: 회사·고객 | C11: LexisNexis Risk Solutions(RELX) 계열. 고객 1,600곳+ 표기. 항공사 사례로 Condor(이력·스케줄·실시간 데이터)와 ANA 소개. 한국어 사이트(/kr/) 있음. | D11: 확인 | E11: https://www.cirium.com/
A12: Cirium | B12: Flight Status & Tracking 사양 | C12: 상용 여객편 95%+ 상태 커버리지, 일 2,500만 건+ 갱신, 라이브 소스 600개+, 10년+ 이력, 출발 전후 72시간 갱신, 활주로·게이트 예측 ETA, 위성 기반 항공기 추적 항목 포함. | D12: 확인 | E12: https://www.cirium.com/data/flight-tracking-status/
A13: Cirium | B13: 제공 방식 | C13: Cirium Sky 데이터 웨어하우스, Sky API(REST, JSON/JSONP/XML/SOAP), Sky Stream(푸시, AMQP), Flight Status·Flight Alert API, 라이브 위치 피드. 자산 추적 UI(Asset Watch, Ground Events) 언급. | D13: 확인 | E13: https://www.cirium.com/data/aviation-api/
A14: Cirium | B14: 가격·체험 | C14: 가격 공개 없음. Developer Studio에서 평가 계정(무료 체험, 기간 제한)과 문의 안내. 항공 화물 솔루션 페이지는 데모 신청으로 연결. | D14: 견적 필요 | E14: https://www.cirium.com/industry-solutions/air-cargo-logistics/
A15: Cirium | B15: 미확인 사항 | C15: 단가·약정 조건, 이용약관, 한국 지사 연락처와 지원 시간, 화물 전용기(B747-400F 등) 위치·상태 커버리지, 위성 추적 포함 여부. | D15: 미확인 | E15: https://www.cirium.com/kr/

Sheet 지역 커버리지
A1: 지역별 커버리지 확인 (중국 중심)
A2: 구분: 전 지역 / 일부 지역 / 미확인. '자사 주장'은 업체 자료 기준이며 독립 검증이 없음.
A4: 업체 | B4: 전 세계 커버 방식 | C4: 대양·극지 | D4: 중국 커버리지 | E4: 구분 | F4: 근거(요약) | G4: 근거 URL | H4: 근거 시점
A5: Flightradar24 | B5: 지상 수신기 5만+, MLAT, 위성(Aireon), 북미·호주 레이더 | C5: 위성(Aireon) 추가로 지상망 밖 보완(2026.2) | D5: 일부 (확인 불가) | E5: 일부 지역 | F5: 2021.11 중국 당국이 ADS-B 장비를 압수하고 Flightradar24가 중국 앱스토어에서 제거됐다는 SCMP 보도. 2022.9 중국에 신규 수신기 활성화 블로그. 현재 중국 내 커버율은 공개 자료에서 확인 못 함. | G5: https://www.scmp.com/tech/policy/article/3155895/chinas-crackdown-flight-tracking-devices-leaves-companies-and-hobbyists | H5: 2021.11 / 2022.9 / 2026.2
A6: FlightAware | B6: 지상 41,000+, 데이터링크·ACARS, 레이더, Aireon 위성(Premium·Firehose) | C6: Firehose: 극지·해양 커버 표방 | D6: 일부(지상). 위성 보완은 Premium/Firehose | E6: 일부 지역 | F6: ADS-B 페이지 문구: 'China (except Beijing, Shanghai, Hangzhou, and Hong Kong)'가 커버리지 부족 지역 목록에 있음. 게시 시점은 확인하지 못함. | G6: https://www.flightaware.com/adsb/ | H6: 미상(현재 게시 중)
A7: AirNav Radar (RadarBox) | B7: 지상·위성 ADS-B, ADS-C, HFDL 등 | C7: 위성 ADS-B·ADS-C·HFDL | D7: 대부분 커버 주장 (자사) | E7: 전 지역 주장(미검증) | F7: 자사 블로그: 중국 내 수신 유닛 2016년 10개 미만에서 2021년 200+, 커버율 90%+ (지상 또는 위성). 최근 수치 미확인. | G7: https://www.airnavradar.com/blog/ads-b-coverage-in-china | H7: 2021.3
A8: ADS-B Exchange | B8: 커뮤니티 수신기 네트워크 | C8: 미확인 | D8: 미확인 | E8: 미확인 | F8: 중국 커버리지에 대한 공식 설명 없음. 중국 단속 관련 커뮤니티 논의만 존재. | G8: https://adsbexchange.com/data/ | H8: -
A9: Aireon | B9: 위성 기반 ADS-B | C9: 100% 글로벌(FlightAware 소개 문구), 1분 간격 | D9: 미확인 | E9: 미확인(위성 전 지구 표방) | F9: ADS-B Out 장착기만 대상. 중국 공역에서의 데이터 제공 제한 여부는 공개 자료로 확인하지 못함. | G9: https://www.flightaware.com/commercial/aireon/ | H9: -
A10: Cirium | B10: 600+ 라이브 소스, 위성 기반 항적 포함 | C10: 위성 항목 포함(세부 미공개) | D10: 미확인 | E10: 미확인 | F10: 지역별 커버리지는 공개 페이지에 없음. 영업 문의 필요. '상용 여객편 95%+' 표기는 화물기 커버리지를 보장하지 않음. | G10: https://www.cirium.com/data/flight-tracking-status/ | H10: -
A12: ※ KCNAIR 관련: 계획 노선 중 ICN-HAN, ICN-ALA, ICN-VIE/HHN(유럽) 등은 항로에 따라 중국 공역을 지나갈 수 있으므로 중국 커버리지가 중요함 (실제 항로는 비행계획 기준으로 확인 필요).
A13: ※ 자사 항공기는 ACARS·데이터링크·ADS-C 위치보고가 기본이며, 외부 ADS-B 서비스는 중국 구간에서 공백이 있어도 보조 수단으로만 사용.
A14: ※ 도입 전: 무료체험 기간에 중국 상공을 지나는 실제 화물편으로 위치 갱신 간격과 공백 구간을 직접 테스트할 것.

Sheet KCNAIR 적용 시나리오
A1: KCNAIR 단계별 도입 시나리오 (제안)
A3: 단계 | B3: 구성 | C3: 연간 비용 (USD) | D3: 연간 비용 (만원) | E3: 비고
A4: 1) AOC 이전 (사람이 보는 모니터링) | B4: Flightradar24 Business 1계정 | C4: ='비교표'!I6 | D4: =ROUND(C4*'비교표'!$B$3/10000,0) | E4: 6대(B747 2대+B777 4대) 정도는 플릿 뷰·북마크 60개로 충분
A5: 2) 시스템 연동 시작 | B5: AirNav Radar API Starter + FlightAware AeroAPI Standard(월 최소) | C5: ='비교표'!I15+'비교표'!I11 | D5: =ROUND(C5*'비교표'!$B$3/10000,0) | E5: 두 소스 교차 검증용. 쿼리 요금은 별도
A6: 3) 상업 운영 | B6: FlightAware AeroAPI Premium(월 최소) + FR24 Business | C6: ='비교표'!I12+'비교표'!I6 | D6: =ROUND(C6*'비교표'!$B$3/10000,0) | E6: Premium은 Aireon·Foresight 포함. 쿼리 요금 별도
A7: 4) 견적 필요 항목 | B7: Firehose, Cirium, Aireon, ADS-B Exchange | C7: 견적 필요 | D7: 견적 필요 | E7: RFP 솔루션(NAVBLUE/Jeppesen)의 모니터링 기능과 중복 여부를 먼저 확인
A9: ※ 시나리오는 작성자 제안이며 규정 요건 검토 전 단계. 환율은 '비교표'!B3 참조.
